timing_mode,size,bytes,elements,mean_gbps,stddev_gbps,min_gbps,max_gbps,cv_pct,p50,p90,p95,p99,sol_pct,runs,samples
cuda-events,16M,16777216,8388608,30.641000000000002,0.4528784482495156,30.22,31.87,1.478014582583844,30.57,31.87,31.87,31.87,65.24914821124361,10,"31.87,30.35,30.51,30.57,30.45,30.63,30.52,30.22,30.64,30.65"
cuda-events,128M,134217728,67108864,34.398,0.08560892995995667,34.28,34.54,0.24887763811836924,34.37,34.54,34.54,34.54,73.2495741056218,10,"34.35,34.32,34.48,34.37,34.33,34.28,34.48,34.46,34.54,34.37"
throughput,16M,16777216,8388608,30.679000000000002,0.4075795764155889,30.34,31.79,1.3285295362156162,30.63,31.79,31.79,31.79,65.33006814310052,10,"31.79,30.36,30.51,30.66,30.34,30.64,30.62,30.60,30.63,30.64"
throughput,128M,134217728,67108864,34.418,0.055936471902407345,34.35,34.53,0.16252098292291053,34.4,34.53,34.53,34.53,73.29216354344122,10,"34.38,34.40,34.47,34.39,34.38,34.53,34.43,34.35,34.38,34.47"
latency,16M,16777216,8388608,29.688,0.4550653188768011,29.44,30.96,1.5328257844139084,29.56,30.96,30.96,30.96,63.219761499148206,10,"30.96,29.49,29.50,29.69,29.51,29.46,29.56,29.68,29.44,29.59"
latency,128M,134217728,67108864,34.233999999999995,0.07748835037890849,34.12,34.35,0.22634909849538035,34.26,34.35,34.35,34.35,72.90034071550254,10,"34.30,34.31,34.35,34.12,34.14,34.26,34.25,34.26,34.18,34.17"
