timing_mode,size,bytes,elements,mean_gbps,stddev_gbps,min_gbps,max_gbps,cv_pct,p50,p90,p95,p99,sol_pct,runs,samples
cuda-events,16M,16777216,8388608,30.697000000000003,0.44467341324217324,30.21,31.89,1.448589156080963,30.64,31.89,31.89,31.89,65.36839863713799,10,"31.89,30.21,30.70,30.65,30.40,30.65,30.62,30.59,30.62,30.64"
cuda-events,128M,134217728,67108864,34.5,0.11756794725698903,34.32,34.66,0.3407766587159103,34.54,34.66,34.66,34.66,73.46678023850085,10,"34.49,34.56,34.33,34.44,34.54,34.65,34.66,34.32,34.56,34.45"
throughput,16M,16777216,8388608,30.648000000000003,0.4476308002509802,30.3,31.88,1.460554686279627,30.57,31.88,31.88,31.88,65.26405451448042,10,"31.88,30.48,30.59,30.61,30.30,30.46,30.57,30.37,30.68,30.54"
throughput,128M,134217728,67108864,34.432,0.09472767986883979,34.33,34.65,0.2751152412547624,34.41,34.65,34.65,34.65,73.32197614991483,10,"34.36,34.40,34.33,34.43,34.41,34.36,34.45,34.53,34.65,34.40"
latency,16M,16777216,8388608,29.743000000000002,0.4598562577347166,29.43,31.01,1.5460991081421396,29.67,31.01,31.01,31.01,63.336882453151624,10,"31.01,29.67,29.53,29.44,29.67,29.74,29.72,29.70,29.52,29.43"
latency,128M,134217728,67108864,34.303,0.07775317071062385,34.21,34.48,0.22666580389652172,34.28,34.48,34.48,34.48,73.04727427597955,10,"34.25,34.27,34.48,34.28,34.28,34.21,34.39,34.26,34.30,34.31"
