timing_mode,size,bytes,elements,mean_gbps,stddev_gbps,min_gbps,max_gbps,cv_pct,p50,p90,p95,p99,sol_pct,runs,samples
cuda-events,16M,16777216,4194304,30.592000000000002,0.4716354524418199,30.27,31.89,1.5416953858584592,30.54,31.89,31.89,31.89,65.14480408858604,10,"31.89,30.29,30.47,30.42,30.27,30.57,30.58,30.32,30.57,30.54"
cuda-events,128M,134217728,33554432,34.295,0.07806692285753629,34.18,34.42,0.2276335409171491,34.31,34.42,34.42,34.42,73.0302385008518,10,"34.31,34.32,34.18,34.18,34.26,34.28,34.33,34.42,34.28,34.39"
throughput,16M,16777216,4194304,30.574,0.4592796291778875,30.2,31.84,1.502190191593797,30.49,31.84,31.84,31.84,65.10647359454855,10,"31.84,30.20,30.47,30.28,30.46,30.57,30.40,30.49,30.49,30.54"
throughput,128M,134217728,33554432,34.29,0.0839311887467611,34.18,34.44,0.24476870442333362,34.32,34.44,34.44,34.44,73.01959114139693,10,"34.34,34.22,34.32,34.18,34.37,34.44,34.26,34.19,34.25,34.33"
latency,16M,16777216,4194304,29.722,0.4331486786056006,29.33,30.91,1.4573335529426035,29.65,30.91,30.91,30.91,63.29216354344123,10,"30.91,29.46,29.65,29.57,29.60,29.66,29.33,29.65,29.72,29.67"
latency,128M,134217728,33554432,34.126,0.0627517153373343,34.03,34.25,0.1838824220164517,34.12,34.25,34.25,34.25,72.67035775127768,10,"34.03,34.11,34.25,34.10,34.14,34.12,34.05,34.12,34.17,34.17"
