timing_mode,size,bytes,elements,mean_gbps,stddev_gbps,min_gbps,max_gbps,cv_pct,p50,p90,p95,p99,sol_pct,runs,samples
cuda-events,16M,16777216,8388608,36.538,0.2057938558633644,36.38,37.1,0.5632324042458932,36.5,37.1,37.1,37.1,77.80664395229982,10,"37.10,36.44,36.40,36.38,36.45,36.50,36.55,36.49,36.53,36.54"
cuda-events,128M,134217728,67108864,43.072,0.5107684841926388,42.44,44.13,1.1858480780846925,43.01,44.13,44.13,44.13,91.72061328790461,10,"43.36,43.21,42.71,43.56,42.83,43.01,42.44,42.92,44.13,42.55"
throughput,16M,16777216,8388608,36.504000000000005,0.1957435964611747,36.36,37.05,0.5362250615307217,36.46,37.05,37.05,37.05,77.73424190800682,10,"37.05,36.43,36.49,36.40,36.47,36.36,36.48,36.45,36.45,36.46"
throughput,128M,134217728,67108864,41.688,0.08508818954473008,41.57,41.83,0.20410715204550486,41.71,41.83,41.83,41.83,88.77342419080068,10,"41.63,41.57,41.71,41.71,41.71,41.67,41.59,41.83,41.65,41.81"
latency,16M,16777216,8388608,35.957,0.23622258806284904,35.59,36.55,0.6569585562278528,35.93,36.55,36.55,36.55,76.56942078364565,10,"36.55,35.90,35.93,35.92,36.01,35.94,35.89,35.91,35.59,35.93"
latency,128M,134217728,67108864,37.001,0.03871548642196025,36.94,37.07,0.10463362185335601,37.0,37.07,37.07,37.07,78.79258943781942,10,"36.97,37.04,36.98,36.94,36.98,37.03,37.07,37.02,36.98,37.00"
