timing_mode,size,bytes,elements,mean_gbps,stddev_gbps,min_gbps,max_gbps,cv_pct,p50,p90,p95,p99,sol_pct,runs,samples
cuda-events,16M,16777216,8388608,36.533,0.22030534365839657,36.4,37.15,0.6030310778156641,36.46,37.15,37.15,37.15,77.79599659284497,10,"37.15,36.55,36.43,36.46,36.46,36.48,36.40,36.46,36.45,36.49"
cuda-events,128M,134217728,67108864,43.05,1.052636900571342,41.93,45.12,2.4451495948230946,42.89,45.12,45.12,45.12,91.67376490630323,10,"43.07,41.93,42.81,43.08,42.74,45.12,44.62,42.29,42.89,41.95"
throughput,16M,16777216,8388608,36.509,0.19058098307835233,36.4,37.04,0.5220109646343432,36.46,37.04,37.04,37.04,77.74488926746167,10,"37.04,36.41,36.46,36.53,36.44,36.45,36.40,36.48,36.47,36.41"
throughput,128M,134217728,67108864,41.553,0.1387283516645232,41.33,41.8,0.3338588108308021,41.57,41.8,41.8,41.8,88.48594548551958,10,"41.54,41.33,41.63,41.50,41.64,41.37,41.50,41.57,41.80,41.65"
latency,16M,16777216,8388608,36.059000000000005,0.21299191429618905,35.89,36.62,0.59067615379292,36.02,36.62,36.62,36.62,76.78662691652471,10,"36.62,36.02,35.92,35.89,36.11,35.95,35.97,36.05,36.13,35.93"
latency,128M,134217728,67108864,37.056,0.11834037537731888,36.91,37.34,0.31935550350096853,37.06,37.34,37.34,37.34,78.90971039182281,10,"37.06,36.99,37.14,36.99,36.97,36.91,37.03,37.07,37.06,37.34"
