timing_mode,size,bytes,elements,mean_gbps,stddev_gbps,min_gbps,max_gbps,cv_pct,p50,p90,p95,p99,sol_pct,runs,samples
cuda-events,16M,16777216,4194304,37.238,0.15654605286198292,37.16,37.68,0.4203932887426364,37.19,37.68,37.68,37.68,79.29727427597956,10,"37.68,37.17,37.21,37.23,37.18,37.19,37.16,37.18,37.19,37.19"
cuda-events,128M,134217728,33554432,43.503,1.1131441955110748,42.27,45.37,2.558775706298588,43.49,45.37,45.37,45.37,92.63841567291313,10,"42.99,43.49,43.92,42.69,45.22,45.37,42.35,43.97,42.27,42.76"
throughput,16M,16777216,4194304,37.22,0.15656024754423056,37.14,37.66,0.4206347327894427,37.17,37.66,37.66,37.66,79.25894378194207,10,"37.66,37.22,37.17,37.19,37.14,37.15,37.17,37.17,37.14,37.19"
throughput,128M,134217728,33554432,42.013999999999996,0.08221921916437748,41.92,42.16,0.19569481402479527,42.03,42.16,42.16,42.16,89.46763202725722,10,"42.08,41.92,42.16,41.97,41.92,41.94,42.06,41.97,42.09,42.03"
latency,16M,16777216,4194304,36.668,0.20627920668625704,36.23,37.1,0.5625591979007774,36.66,37.1,37.1,37.1,78.08347529812606,10,"37.10,36.66,36.69,36.66,36.67,36.72,36.65,36.66,36.64,36.23"
latency,128M,134217728,33554432,37.971,0.13395272798018354,37.59,38.02,0.3527764029922403,38.01,38.02,38.02,38.02,80.85817717206132,10,"38.02,38.02,38.01,38.01,38.02,38.01,38.01,37.59,38.01,38.01"
