timing_mode,size,bytes,elements,mean_gbps,stddev_gbps,min_gbps,max_gbps,cv_pct,p50,p90,p95,p99,sol_pct,runs,samples
cuda-events,16M,16777216,8388608,36.573,0.275400718146405,36.32,37.07,0.7530164825045935,36.48,37.07,37.07,37.07,77.88117546848382,10,"37.07,37.07,36.62,36.35,36.53,36.48,36.32,36.41,36.45,36.43"
cuda-events,128M,134217728,67108864,42.72,0.6547433763612198,41.97,44.06,1.5326389896095969,42.63,44.06,44.06,44.06,90.97103918228278,10,"43.22,42.81,42.47,42.42,41.97,42.03,42.63,44.06,43.34,42.25"
throughput,16M,16777216,8388608,36.563,0.24549496487255595,36.42,37.07,0.671430038215015,36.45,37.07,37.07,37.07,77.8598807495741,10,"37.07,36.97,36.56,36.43,36.42,36.42,36.45,36.44,36.45,36.42"
throughput,128M,134217728,67108864,41.427,0.14461058820923844,41.25,41.65,0.3490732812157251,41.42,41.65,41.65,41.65,88.21763202725724,10,"41.39,41.61,41.42,41.46,41.65,41.58,41.31,41.25,41.33,41.27"
latency,16M,16777216,8388608,35.757999999999996,0.27365022281087925,35.6,36.3,0.7652839163568412,35.63,36.3,36.3,36.3,76.1456558773424,10,"36.30,36.25,35.63,35.60,35.62,35.64,35.60,35.68,35.63,35.63"
latency,128M,134217728,67108864,32.785000000000004,0.02718251071716693,32.75,32.83,0.08291142509430205,32.79,32.83,32.83,32.83,69.81473594548552,10,"32.79,32.79,32.81,32.77,32.75,32.81,32.76,32.79,32.83,32.75"
