timing_mode,size,bytes,elements,mean_gbps,stddev_gbps,min_gbps,max_gbps,cv_pct,p50,p90,p95,p99,sol_pct,runs,samples
cuda-events,16M,16777216,8388608,36.582,0.25896374692651886,36.39,37.08,0.7078993683410388,36.46,37.08,37.08,37.08,77.90034071550255,10,"37.04,37.08,36.39,36.46,36.44,36.44,36.41,36.46,36.61,36.49"
cuda-events,128M,134217728,67108864,42.668,1.0779074377906683,41.6,44.55,2.5262666114902697,42.33,44.55,44.55,44.55,90.8603066439523,10,"42.33,42.03,41.97,42.09,43.27,41.60,41.96,44.53,44.55,42.35"
throughput,16M,16777216,8388608,36.524,0.2394530805351596,36.31,36.98,0.6556047545043248,36.42,36.98,36.98,36.98,77.77683134582624,10,"36.98,36.95,36.31,36.45,36.42,36.41,36.39,36.54,36.39,36.40"
throughput,128M,134217728,67108864,41.384,0.2187946779771189,40.89,41.64,0.528693886470904,41.45,41.64,41.64,41.64,88.12606473594549,10,"41.28,41.43,41.45,41.19,41.57,41.64,41.54,40.89,41.47,41.38"
latency,16M,16777216,8388608,35.668,0.24137568689124936,35.52,36.31,0.6767289640328848,35.58,36.31,36.31,36.31,75.95400340715503,10,"36.31,35.82,35.61,35.57,35.57,35.63,35.52,35.54,35.58,35.53"
latency,128M,134217728,67108864,32.747,0.06976946164173711,32.64,32.89,0.21305604068078635,32.75,32.89,32.89,32.89,69.73381601362861,10,"32.64,32.75,32.66,32.77,32.72,32.80,32.74,32.74,32.76,32.89"
