timing_mode,size,bytes,elements,mean_gbps,stddev_gbps,min_gbps,max_gbps,cv_pct,p50,p90,p95,p99,sol_pct,runs,samples
cuda-events,16M,16777216,4194304,37.159,0.015951314818673314,37.13,37.18,0.042927190771208365,37.16,37.18,37.18,37.18,79.12904599659284,10,"37.17,37.15,37.16,37.16,37.18,37.18,37.13,37.16,37.14,37.16"
cuda-events,128M,134217728,33554432,43.654,0.9877044092237316,42.05,45.21,2.2625748138171335,43.81,45.21,45.21,45.21,92.95996592844975,10,"44.80,42.59,44.31,42.05,43.03,43.19,43.81,45.21,44.13,43.42"
throughput,16M,16777216,4194304,37.245,0.1824067493877973,37.14,37.59,0.48974828671713605,37.17,37.59,37.59,37.59,79.31218057921635,10,"37.59,37.59,37.17,37.16,37.18,37.14,37.14,37.17,37.17,37.14"
throughput,128M,134217728,33554432,41.730000000000004,0.0666666666666663,41.62,41.83,0.15975716910296262,41.74,41.83,41.83,41.83,88.86286201022148,10,"41.62,41.75,41.67,41.74,41.67,41.69,41.74,41.79,41.80,41.83"
latency,16M,16777216,4194304,36.480000000000004,0.194250697124446,36.27,36.88,0.5324854636086787,36.42,36.88,36.88,36.88,77.68313458262351,10,"36.88,36.79,36.42,36.45,36.27,36.38,36.38,36.40,36.41,36.42"
latency,128M,134217728,33554432,33.374,0.09593979593705948,33.16,33.48,0.2874686760264262,33.41,33.48,33.48,33.48,71.06899488926747,10,"33.37,33.41,33.48,33.42,33.36,33.45,33.42,33.41,33.16,33.26"
