timing_mode,size,bytes,elements,mean_gbps,stddev_gbps,min_gbps,max_gbps,cv_pct,p50,p90,p95,p99,sol_pct,runs,samples
cuda-events,16M,16777216,8388608,30.505000000000003,0.5046065574066376,30.3,31.94,1.6541765527180383,30.36,31.94,31.94,31.94,64.95954003407155,10,"31.94,30.36,30.36,30.33,30.34,30.37,30.30,30.36,30.35,30.34"
cuda-events,128M,134217728,67108864,34.394999999999996,0.09264628073125024,34.23,34.52,0.269359734645298,34.41,34.52,34.52,34.52,73.24318568994889,10,"34.23,34.33,34.41,34.36,34.49,34.40,34.45,34.52,34.47,34.29"
throughput,16M,16777216,8388608,30.514999999999997,0.49160169062181064,30.32,31.91,1.6110165185050325,30.37,31.91,31.91,31.91,64.98083475298125,10,"31.91,30.39,30.36,30.38,30.37,30.33,30.32,30.32,30.33,30.44"
throughput,128M,134217728,67108864,34.396,0.07791733511299709,34.23,34.5,0.22653022186590616,34.41,34.5,34.5,34.5,73.24531516183987,10,"34.50,34.23,34.48,34.39,34.36,34.37,34.44,34.41,34.34,34.44"
latency,16M,16777216,8388608,30.058,0.4690368381647178,29.85,31.39,1.5604392779450325,29.93,31.39,31.39,31.39,64.00766609880749,10,"31.39,29.89,29.88,29.93,29.93,29.96,29.91,29.85,29.93,29.91"
latency,128M,134217728,67108864,34.289,0.08595218308907464,34.14,34.4,0.2506698448163394,34.28,34.4,34.4,34.4,73.01746166950596,10,"34.25,34.40,34.25,34.25,34.28,34.38,34.21,34.39,34.34,34.14"
