timing_mode,size,bytes,elements,mean_gbps,stddev_gbps,min_gbps,max_gbps,cv_pct,p50,p90,p95,p99,sol_pct,runs,samples
cuda-events,16M,16777216,8388608,30.516000000000002,0.5044072428768905,30.32,31.95,1.652927129626722,30.37,31.95,31.95,31.95,64.98296422487223,10,"31.95,30.36,30.32,30.39,30.38,30.37,30.34,30.36,30.37,30.32"
cuda-events,128M,134217728,67108864,34.413,0.08367264254887126,34.26,34.49,0.24314254075166727,34.44,34.49,34.49,34.49,73.28151618398635,10,"34.44,34.48,34.43,34.49,34.47,34.42,34.26,34.44,34.26,34.44"
throughput,16M,16777216,8388608,30.512999999999998,0.4988442197275174,30.33,31.93,1.634857994059966,30.34,31.93,31.93,31.93,64.97657580919932,10,"31.93,30.34,30.42,30.39,30.33,30.33,30.34,30.34,30.33,30.38"
throughput,128M,134217728,67108864,34.429,0.07445356494710874,34.32,34.58,0.21625247595663172,34.41,34.58,34.58,34.58,73.31558773424192,10,"34.38,34.40,34.32,34.39,34.58,34.52,34.43,34.41,34.40,34.46"
latency,16M,16777216,8388608,30.072000000000003,0.486228112903581,29.87,31.45,1.6168798646700615,29.94,31.45,31.45,31.45,64.03747870528109,10,"31.45,29.89,29.88,29.87,29.91,29.88,29.94,30.02,29.94,29.94"
latency,128M,134217728,67108864,34.364,0.05015531433014445,34.29,34.45,0.14595307394408233,34.36,34.45,34.45,34.45,73.17717206132879,10,"34.32,34.34,34.33,34.41,34.36,34.42,34.38,34.29,34.45,34.34"
