timing_mode,size,bytes,elements,mean_gbps,stddev_gbps,min_gbps,max_gbps,cv_pct,p50,p90,p95,p99,sol_pct,runs,samples
cuda-events,16M,16777216,4194304,30.470999999999997,0.48268807503166855,30.26,31.84,1.5840900365320094,30.33,31.84,31.84,31.84,64.88713798977854,10,"31.84,30.38,30.27,30.37,30.30,30.32,30.26,30.29,30.35,30.33"
cuda-events,128M,134217728,33554432,34.274,0.08167687011088891,34.14,34.39,0.2383056255788321,34.28,34.39,34.39,34.39,72.9855195911414,10,"34.24,34.28,34.29,34.39,34.37,34.18,34.24,34.36,34.25,34.14"
throughput,16M,16777216,4194304,30.437,0.4952227332782246,30.24,31.84,1.6270418677209468,30.27,31.84,31.84,31.84,64.81473594548552,10,"31.84,30.26,30.25,30.24,30.32,30.27,30.40,30.27,30.27,30.25"
throughput,128M,134217728,33554432,34.306,0.06883151732874788,34.17,34.4,0.20063988027968255,34.33,34.4,34.4,34.4,73.05366269165246,10,"34.35,34.31,34.34,34.31,34.33,34.27,34.36,34.17,34.40,34.22"
latency,16M,16777216,4194304,30.011000000000003,0.49938740250208324,29.81,31.43,1.6640145363436178,29.86,31.43,31.43,31.43,63.90758091993186,10,"31.43,29.81,29.84,29.87,29.91,29.84,29.82,29.87,29.86,29.86"
latency,128M,134217728,33554432,34.15,0.06514940095230737,34.05,34.24,0.19077423412095862,34.17,34.24,34.24,34.24,72.72146507666099,10,"34.16,34.05,34.17,34.07,34.19,34.15,34.19,34.07,34.21,34.24"
