timing_mode,size,bytes,elements,mean_gbps,stddev_gbps,min_gbps,max_gbps,cv_pct,p50,p90,p95,p99,sol_pct,runs,samples
cuda-events,4K,4096,1024,0.52,0.05656854249492385,0.48,0.56,10.878565864408433,0.56,0.56,0.56,0.56,1.1073253833049403,2,"0.56,0.48"
cuda-events,16M,16777216,4194304,37.2,0.014142135623733162,37.19,37.21,0.03801649361218592,37.21,37.21,37.21,37.21,79.21635434412266,2,"37.19,37.21"
cuda-events,64M,67108864,16777216,38.805,0.007071067811869092,38.8,38.81,0.018222053374227786,38.81,38.81,38.81,38.81,82.63415672913116,2,"38.81,38.80"
cuda-events,128M,134217728,33554432,43.23,0.3535533905932738,42.98,43.48,0.8178426800677164,43.48,43.48,43.48,43.48,92.05706984667802,2,"43.48,42.98"
cuda-events,2G,2147483648,536870912,42.26,0.3111269837220793,42.04,42.48,0.7362209742595346,42.48,42.48,42.48,42.48,89.9914821124361,2,"42.04,42.48"
