timing_mode,size,bytes,elements,mean_gbps,stddev_gbps,min_gbps,max_gbps,cv_pct,p50,p90,p95,p99,sol_pct,runs,samples
cuda-events,4K,4096,1024,0.375,0.04949747468305829,0.34,0.41,13.199326582148876,0.41,0.41,0.41,0.41,0.7985519591141397,2,"0.41,0.34"
cuda-events,16M,16777216,4194304,30.314999999999998,0.021213203435594716,30.3,30.33,0.06997593084477888,30.33,30.33,30.33,30.33,64.55494037478705,2,"30.30,30.33"
cuda-events,64M,67108864,16777216,33.555,0.03535533905932537,33.53,33.58,0.10536533768238823,33.58,33.58,33.58,33.58,71.45442930153322,2,"33.58,33.53"
cuda-events,128M,134217728,33554432,34.245000000000005,0.0070710678118640685,34.24,34.25,0.020648467840163724,34.25,34.25,34.25,34.25,72.92376490630325,2,"34.25,34.24"
cuda-events,2G,2147483648,536870912,36.765,0.07778174593051983,36.71,36.82,0.2115646564137626,36.82,36.82,36.82,36.82,78.29003407155025,2,"36.71,36.82"
