timing_mode,size,bytes,elements,mean_gbps,stddev_gbps,min_gbps,max_gbps,cv_pct,p50,p90,p95,p99,sol_pct,runs,samples
cuda-events,4K,4096,1024,0.295,0.007071067811865481,0.29,0.3,2.3969721396154173,0.3,0.3,0.3,0.3,0.6281942078364565,2,"0.29,0.30"
cuda-events,16M,16777216,4194304,30.415,0.12020815280171429,30.33,30.5,0.3952265421723304,30.5,30.5,30.5,30.5,64.76788756388416,2,"30.33,30.50"
cuda-events,64M,67108864,16777216,32.87,1.0606601717798212,32.12,33.62,3.2268335010034113,33.62,33.62,33.62,33.62,69.99574105621805,2,"32.12,33.62"
cuda-events,128M,134217728,33554432,34.31,0.04242640687119446,34.28,34.34,0.12365609697229511,34.34,34.34,34.34,34.34,73.06218057921636,2,"34.28,34.34"
cuda-events,2G,2147483648,536870912,36.6,0.24041630560342858,36.43,36.77,0.656875151921936,36.77,36.77,36.77,36.77,77.93867120954003,2,"36.43,36.77"
