timing_mode,size,bytes,elements,mean_gbps,stddev_gbps,min_gbps,max_gbps,cv_pct,p50,p90,p95,p99,sol_pct,runs,samples
cuda-events,4K,4096,1024,0.47,0.028284271247461888,0.45,0.49,6.017930052651465,0.49,0.49,0.49,0.49,1.0008517887563884,2,"0.49,0.45"
cuda-events,16M,16777216,4194304,37.19,0.04242640687119446,37.16,37.22,0.11408014754287296,37.22,37.22,37.22,37.22,79.19505962521293,2,"37.22,37.16"
cuda-events,64M,67108864,16777216,38.705,0.06363961030679169,38.66,38.75,0.1644221943076907,38.75,38.75,38.75,38.75,82.42120954003407,2,"38.66,38.75"
cuda-events,128M,134217728,33554432,42.644999999999996,0.9263098833543738,41.99,43.3,2.172141829884802,43.3,43.3,43.3,43.3,90.81132879045995,2,"41.99,43.30"
cuda-events,2G,2147483648,536870912,43.504999999999995,1.7748380207782328,42.25,44.76,4.079618482423246,44.76,44.76,44.76,44.76,92.64267461669505,2,"44.76,42.25"
